--
-- PostgreSQL database dump
--

-- Dumped from database version 15.3
-- Dumped by pg_dump version 15.3

SET statement_timeout = 0;
SET lock_timeout = 0;
SET idle_in_transaction_session_timeout = 0;
SET client_encoding = 'UTF8';
SET standard_conforming_strings = on;
SELECT pg_catalog.set_config('search_path', '', false);
SET check_function_bodies = false;
SET xmloption = content;
SET client_min_messages = warning;
SET row_security = off;

--
-- Name: addclothes(integer); Type: PROCEDURE; Schema: public; Owner: postgres
--

CREATE PROCEDURE public.addclothes(IN cs integer, OUT c_id integer)
    LANGUAGE plpgsql
    AS $$
DECLARE C_ID INT=0;
BEGIN

C_ID = 2+2;
c_id =C_ID;

END
$$;


ALTER PROCEDURE public.addclothes(IN cs integer, OUT c_id integer) OWNER TO postgres;

SET default_tablespace = '';

SET default_table_access_method = heap;

--
-- Name: Account; Type: TABLE; Schema: public; Owner: postgres
--

CREATE TABLE public."Account" (
    "Id" integer NOT NULL,
    "CustomerId" integer,
    "Username" character varying,
    "Password" character varying,
    "Role" integer,
    "Name" character varying,
    "LastName" character varying,
    "CreateDati" date,
    "UpdateDati" date,
    "IsActive" integer,
    "Email" character varying,
    "PhoneNumber" integer
);


ALTER TABLE public."Account" OWNER TO postgres;

--
-- Name: Customer; Type: TABLE; Schema: public; Owner: postgres
--

CREATE TABLE public."Customer" (
    "CustomerId" integer NOT NULL,
    "CompanyName" character varying,
    "CompanyFullName" character varying,
    "TaxNumber" character varying,
    "TaxAdministration" character varying,
    "Remark" character varying(250),
    "CurrencyType" integer DEFAULT 0,
    "PartitionType" integer DEFAULT 0,
    "Status" integer DEFAULT 0,
    "Maturity" integer DEFAULT 0,
    "CompanyCode" character varying DEFAULT 0
);


ALTER TABLE public."Customer" OWNER TO postgres;

--
-- Name: CustomerOrder; Type: TABLE; Schema: public; Owner: postgres
--

CREATE TABLE public."CustomerOrder" (
    "CustomerOrderId" character varying NOT NULL,
    "CustomerId" integer NOT NULL,
    "CustomerOrderStatusId" integer NOT NULL,
    "OrderNumber" character varying NOT NULL,
    "Name" character varying,
    "Remark" character varying,
    "CreatedDate" date,
    "UpdatedDate" date
);


ALTER TABLE public."CustomerOrder" OWNER TO postgres;

--
-- Name: CustomerOrderStatus; Type: TABLE; Schema: public; Owner: postgres
--

CREATE TABLE public."CustomerOrderStatus" (
    "CustomerOrderStatusId" integer NOT NULL,
    "Name" character varying(50) NOT NULL
);


ALTER TABLE public."CustomerOrderStatus" OWNER TO postgres;

--
-- Name: delay; Type: TABLE; Schema: public; Owner: postgres
--

CREATE TABLE public.delay (
    delay_id integer NOT NULL,
    remark character varying,
    begin_date timestamp with time zone,
    end_date timestamp with time zone,
    accept_by character varying,
    shift_id integer NOT NULL,
    duration integer,
    delay_reason_name character varying(200),
    delay_group_name character varying(200),
    delay_class_code integer,
    delay_class_name character varying(200),
    delay_reason_code integer,
    delay_group_code integer
);


ALTER TABLE public.delay OWNER TO postgres;

--
-- Name: delay_delay_id_seq; Type: SEQUENCE; Schema: public; Owner: postgres
--

ALTER TABLE public.delay ALTER COLUMN delay_id ADD GENERATED ALWAYS AS IDENTITY (
    SEQUENCE NAME public.delay_delay_id_seq
    START WITH 1
    INCREMENT BY 1
    NO MINVALUE
    NO MAXVALUE
    CACHE 1
);


--
-- Name: event_alarm; Type: TABLE; Schema: public; Owner: postgres
--

CREATE TABLE public.event_alarm (
    event_alarm_id integer NOT NULL,
    machine_name character varying,
    user_name character varying,
    log_description character varying NOT NULL,
    log_method character varying NOT NULL,
    dati timestamp with time zone
);


ALTER TABLE public.event_alarm OWNER TO postgres;

--
-- Name: event_alarm_event_alarm_id_seq; Type: SEQUENCE; Schema: public; Owner: postgres
--

ALTER TABLE public.event_alarm ALTER COLUMN event_alarm_id ADD GENERATED ALWAYS AS IDENTITY (
    SEQUENCE NAME public.event_alarm_event_alarm_id_seq
    START WITH 1
    INCREMENT BY 1
    NO MINVALUE
    NO MAXVALUE
    CACHE 1
);


--
-- Data for Name: Account; Type: TABLE DATA; Schema: public; Owner: postgres
--

COPY public."Account" ("Id", "CustomerId", "Username", "Password", "Role", "Name", "LastName", "CreateDati", "UpdateDati", "IsActive", "Email", "PhoneNumber") FROM stdin;
1	45	adminIT	03ac674216f3e15c761ee1a5e255f067953623c8b388b4459e13f978d7c846f4	1	admin	IT	2022-12-14	2023-04-07	1	admin@admin.com	1
\.


--
-- Data for Name: Customer; Type: TABLE DATA; Schema: public; Owner: postgres
--

COPY public."Customer" ("CustomerId", "CompanyName", "CompanyFullName", "TaxNumber", "TaxAdministration", "Remark", "CurrencyType", "PartitionType", "Status", "Maturity", "CompanyCode") FROM stdin;
1	Kardemir karabük demir çelik	kardemir\n	1606504600	karabük	karabük müşterisi	0	0	0	0	213213
\.


--
-- Data for Name: CustomerOrder; Type: TABLE DATA; Schema: public; Owner: postgres
--

COPY public."CustomerOrder" ("CustomerOrderId", "CustomerId", "CustomerOrderStatusId", "OrderNumber", "Name", "Remark", "CreatedDate", "UpdatedDate") FROM stdin;
5003fe0c-4e81-4605-965b-d2207e469950	1	21	nbmöbmbmsasaddsa	rwqedasxczv	ertertwertystryrtrty	2023-12-01	infinity
a_2	1	21	a_2	a_2	a_2	2023-02-11	2023-02-11
a_1	1	11	a_1	a_1	a_1	2023-02-11	2023-02-11
a_3	1	11	a_3	a_3	a_3	2023-02-11	2023-02-11
a_4	1	11	a_4	a_4	a_4	2023-02-11	2023-02-11
a_9	1	11	a_9	a_9	a_9	2023-02-11	2023-02-11
a_10	1	11	a_10	a_10	a_10	2023-02-11	2023-02-11
a_11	1	11	a_11	a_11	a_11	2023-02-11	2023-02-11
a_12	1	11	a_12	a_12	a_12	2023-02-11	2023-02-11
a_15	1	11	a_15	a_15	a_15	2023-02-11	2023-02-11
a_16	1	11	a_16	a_16	a_16	2023-02-11	2023-02-11
a_17	1	11	a_17	a_17	a_17	2023-02-11	2023-02-11
a_18	1	11	a_18	a_18	a_18	2023-02-11	2023-02-11
a_19	1	11	a_19	a_19	a_19	2023-02-11	2023-02-11
a_20	1	11	a_20	a_20	a_20	2023-02-11	2023-02-11
a_21	1	11	a_21	a_21	a_21	2023-02-11	2023-02-11
a_22	1	11	a_22	a_22	a_22	2023-02-11	2023-02-11
a_23	1	11	a_23	a_23	a_23	2023-02-11	2023-02-11
a_24	1	11	a_24	a_24	a_24	2023-02-11	2023-02-11
a_25	1	11	a_25	a_25	a_25	2023-02-11	2023-02-11
a_26	1	11	a_26	a_26	a_26	2023-02-11	2023-02-11
a_27	1	11	a_27	a_27	a_27	2023-02-11	2023-02-11
a_28	1	11	a_28	a_28	a_28	2023-02-11	2023-02-11
a_29	1	11	a_29	a_29	a_29	2023-02-11	2023-02-11
a_30	1	11	a_30	a_30	a_30	2023-02-11	2023-02-11
a_31	1	11	a_31	a_31	a_31	2023-02-11	2023-02-11
a_32	1	11	a_32	a_32	a_32	2023-02-11	2023-02-11
a_33	1	11	a_33	a_33	a_33	2023-02-11	2023-02-11
a_34	1	11	a_34	a_34	a_34	2023-02-11	2023-02-11
a_35	1	11	a_35	a_35	a_35	2023-02-11	2023-02-11
a_36	1	11	a_36	a_36	a_36	2023-02-11	2023-02-11
a_37	1	11	a_37	a_37	a_37	2023-02-11	2023-02-11
a_38	1	11	a_38	a_38	a_38	2023-02-11	2023-02-11
a_39	1	11	a_39	a_39	a_39	2023-02-11	2023-02-11
a_40	1	11	a_40	a_40	a_40	2023-02-11	2023-02-11
a_41	1	11	a_41	a_41	a_41	2023-02-11	2023-02-11
a_42	1	11	a_42	a_42	a_42	2023-02-11	2023-02-11
a_43	1	11	a_43	a_43	a_43	2023-02-11	2023-02-11
a_44	1	11	a_44	a_44	a_44	2023-02-11	2023-02-11
a_45	1	11	a_45	a_45	a_45	2023-02-11	2023-02-11
a_46	1	11	a_46	a_46	a_46	2023-02-11	2023-02-11
a_47	1	11	a_47	a_47	a_47	2023-02-11	2023-02-11
a_48	1	11	a_48	a_48	a_48	2023-02-11	2023-02-11
a_49	1	11	a_49	a_49	a_49	2023-02-11	2023-02-11
a_50	1	11	a_50	a_50	a_50	2023-02-11	2023-02-11
a_51	1	11	a_51	a_51	a_51	2023-02-11	2023-02-11
a_52	1	11	a_52	a_52	a_52	2023-02-11	2023-02-11
a_53	1	11	a_53	a_53	a_53	2023-02-11	2023-02-11
a_54	1	11	a_54	a_54	a_54	2023-02-11	2023-02-11
a_55	1	11	a_55	a_55	a_55	2023-02-11	2023-02-11
a_56	1	11	a_56	a_56	a_56	2023-02-11	2023-02-11
a_57	1	11	a_57	a_57	a_57	2023-02-11	2023-02-11
a_58	1	11	a_58	a_58	a_58	2023-02-11	2023-02-11
a_59	1	11	a_59	a_59	a_59	2023-02-11	2023-02-11
a_60	1	11	a_60	a_60	a_60	2023-02-11	2023-02-11
a_61	1	11	a_61	a_61	a_61	2023-02-11	2023-02-11
a_62	1	11	a_62	a_62	a_62	2023-02-11	2023-02-11
a_63	1	11	a_63	a_63	a_63	2023-02-11	2023-02-11
a_64	1	11	a_64	a_64	a_64	2023-02-11	2023-02-11
a_65	1	11	a_65	a_65	a_65	2023-02-11	2023-02-11
a_66	1	11	a_66	a_66	a_66	2023-02-11	2023-02-11
a_67	1	11	a_67	a_67	a_67	2023-02-11	2023-02-11
a_68	1	11	a_68	a_68	a_68	2023-02-11	2023-02-11
a_69	1	11	a_69	a_69	a_69	2023-02-11	2023-02-11
a_70	1	11	a_70	a_70	a_70	2023-02-11	2023-02-11
a_71	1	11	a_71	a_71	a_71	2023-02-11	2023-02-11
a_72	1	11	a_72	a_72	a_72	2023-02-11	2023-02-11
a_73	1	11	a_73	a_73	a_73	2023-02-11	2023-02-11
a_74	1	11	a_74	a_74	a_74	2023-02-11	2023-02-11
a_75	1	11	a_75	a_75	a_75	2023-02-11	2023-02-11
a_76	1	11	a_76	a_76	a_76	2023-02-11	2023-02-11
a_77	1	11	a_77	a_77	a_77	2023-02-11	2023-02-11
a_78	1	11	a_78	a_78	a_78	2023-02-11	2023-02-11
a_79	1	11	a_79	a_79	a_79	2023-02-11	2023-02-11
a_80	1	11	a_80	a_80	a_80	2023-02-11	2023-02-11
a_81	1	11	a_81	a_81	a_81	2023-02-11	2023-02-11
a_82	1	11	a_82	a_82	a_82	2023-02-11	2023-02-11
a_83	1	11	a_83	a_83	a_83	2023-02-11	2023-02-11
a_84	1	11	a_84	a_84	a_84	2023-02-11	2023-02-11
a_85	1	11	a_85	a_85	a_85	2023-02-11	2023-02-11
a_86	1	11	a_86	a_86	a_86	2023-02-11	2023-02-11
a_87	1	11	a_87	a_87	a_87	2023-02-11	2023-02-11
a_88	1	11	a_88	a_88	a_88	2023-02-11	2023-02-11
a_89	1	11	a_89	a_89	a_89	2023-02-11	2023-02-11
a_90	1	11	a_90	a_90	a_90	2023-02-11	2023-02-11
a_91	1	11	a_91	a_91	a_91	2023-02-11	2023-02-11
a_92	1	11	a_92	a_92	a_92	2023-02-11	2023-02-11
a_93	1	11	a_93	a_93	a_93	2023-02-11	2023-02-11
a_94	1	11	a_94	a_94	a_94	2023-02-11	2023-02-11
a_95	1	11	a_95	a_95	a_95	2023-02-11	2023-02-11
a_96	1	11	a_96	a_96	a_96	2023-02-11	2023-02-11
a_97	1	11	a_97	a_97	a_97	2023-02-11	2023-02-11
a_98	1	11	a_98	a_98	a_98	2023-02-11	2023-02-11
a_99	1	11	a_99	a_99	a_99	2023-02-11	2023-02-11
a_100	1	11	a_100	a_100	a_100	2023-02-11	2023-02-11
a_101	1	11	a_101	a_101	a_101	2023-02-11	2023-02-11
a_102	1	11	a_102	a_102	a_102	2023-02-11	2023-02-11
a_103	1	11	a_103	a_103	a_103	2023-02-11	2023-02-11
a_104	1	11	a_104	a_104	a_104	2023-02-11	2023-02-11
a_105	1	11	a_105	a_105	a_105	2023-02-11	2023-02-11
a_106	1	11	a_106	a_106	a_106	2023-02-11	2023-02-11
a_107	1	11	a_107	a_107	a_107	2023-02-11	2023-02-11
a_108	1	11	a_108	a_108	a_108	2023-02-11	2023-02-11
a_109	1	11	a_109	a_109	a_109	2023-02-11	2023-02-11
a_110	1	11	a_110	a_110	a_110	2023-02-11	2023-02-11
a_111	1	11	a_111	a_111	a_111	2023-02-11	2023-02-11
a_112	1	11	a_112	a_112	a_112	2023-02-11	2023-02-11
a_113	1	11	a_113	a_113	a_113	2023-02-11	2023-02-11
a_114	1	11	a_114	a_114	a_114	2023-02-11	2023-02-11
a_115	1	11	a_115	a_115	a_115	2023-02-11	2023-02-11
a_116	1	11	a_116	a_116	a_116	2023-02-11	2023-02-11
a_117	1	11	a_117	a_117	a_117	2023-02-11	2023-02-11
a_118	1	11	a_118	a_118	a_118	2023-02-11	2023-02-11
a_119	1	11	a_119	a_119	a_119	2023-02-11	2023-02-11
a_120	1	11	a_120	a_120	a_120	2023-02-11	2023-02-11
a_121	1	11	a_121	a_121	a_121	2023-02-11	2023-02-11
a_122	1	11	a_122	a_122	a_122	2023-02-11	2023-02-11
a_123	1	11	a_123	a_123	a_123	2023-02-11	2023-02-11
a_124	1	11	a_124	a_124	a_124	2023-02-11	2023-02-11
a_125	1	11	a_125	a_125	a_125	2023-02-11	2023-02-11
a_126	1	11	a_126	a_126	a_126	2023-02-11	2023-02-11
a_127	1	11	a_127	a_127	a_127	2023-02-11	2023-02-11
a_128	1	11	a_128	a_128	a_128	2023-02-11	2023-02-11
a_129	1	11	a_129	a_129	a_129	2023-02-11	2023-02-11
a_130	1	11	a_130	a_130	a_130	2023-02-11	2023-02-11
a_131	1	11	a_131	a_131	a_131	2023-02-11	2023-02-11
a_132	1	11	a_132	a_132	a_132	2023-02-11	2023-02-11
a_133	1	11	a_133	a_133	a_133	2023-02-11	2023-02-11
a_134	1	11	a_134	a_134	a_134	2023-02-11	2023-02-11
a_135	1	11	a_135	a_135	a_135	2023-02-11	2023-02-11
a_136	1	11	a_136	a_136	a_136	2023-02-11	2023-02-11
a_137	1	11	a_137	a_137	a_137	2023-02-11	2023-02-11
a_138	1	11	a_138	a_138	a_138	2023-02-11	2023-02-11
a_139	1	11	a_139	a_139	a_139	2023-02-11	2023-02-11
a_140	1	11	a_140	a_140	a_140	2023-02-11	2023-02-11
a_141	1	11	a_141	a_141	a_141	2023-02-11	2023-02-11
a_142	1	11	a_142	a_142	a_142	2023-02-11	2023-02-11
a_143	1	11	a_143	a_143	a_143	2023-02-11	2023-02-11
a_144	1	11	a_144	a_144	a_144	2023-02-11	2023-02-11
a_145	1	11	a_145	a_145	a_145	2023-02-11	2023-02-11
a_146	1	11	a_146	a_146	a_146	2023-02-11	2023-02-11
a_147	1	11	a_147	a_147	a_147	2023-02-11	2023-02-11
a_148	1	11	a_148	a_148	a_148	2023-02-11	2023-02-11
a_149	1	11	a_149	a_149	a_149	2023-02-11	2023-02-11
a_150	1	11	a_150	a_150	a_150	2023-02-11	2023-02-11
a_151	1	11	a_151	a_151	a_151	2023-02-11	2023-02-11
a_152	1	11	a_152	a_152	a_152	2023-02-11	2023-02-11
a_153	1	11	a_153	a_153	a_153	2023-02-11	2023-02-11
a_154	1	11	a_154	a_154	a_154	2023-02-11	2023-02-11
a_155	1	11	a_155	a_155	a_155	2023-02-11	2023-02-11
a_156	1	11	a_156	a_156	a_156	2023-02-11	2023-02-11
a_157	1	11	a_157	a_157	a_157	2023-02-11	2023-02-11
a_158	1	11	a_158	a_158	a_158	2023-02-11	2023-02-11
a_159	1	11	a_159	a_159	a_159	2023-02-11	2023-02-11
a_160	1	11	a_160	a_160	a_160	2023-02-11	2023-02-11
a_161	1	11	a_161	a_161	a_161	2023-02-11	2023-02-11
a_162	1	11	a_162	a_162	a_162	2023-02-11	2023-02-11
a_163	1	11	a_163	a_163	a_163	2023-02-11	2023-02-11
a_164	1	11	a_164	a_164	a_164	2023-02-11	2023-02-11
a_165	1	11	a_165	a_165	a_165	2023-02-11	2023-02-11
a_166	1	11	a_166	a_166	a_166	2023-02-11	2023-02-11
a_167	1	11	a_167	a_167	a_167	2023-02-11	2023-02-11
a_168	1	11	a_168	a_168	a_168	2023-02-11	2023-02-11
a_169	1	11	a_169	a_169	a_169	2023-02-11	2023-02-11
a_170	1	11	a_170	a_170	a_170	2023-02-11	2023-02-11
a_171	1	11	a_171	a_171	a_171	2023-02-11	2023-02-11
a_172	1	11	a_172	a_172	a_172	2023-02-11	2023-02-11
a_173	1	11	a_173	a_173	a_173	2023-02-11	2023-02-11
a_174	1	11	a_174	a_174	a_174	2023-02-11	2023-02-11
a_175	1	11	a_175	a_175	a_175	2023-02-11	2023-02-11
a_176	1	11	a_176	a_176	a_176	2023-02-11	2023-02-11
a_177	1	11	a_177	a_177	a_177	2023-02-11	2023-02-11
a_178	1	11	a_178	a_178	a_178	2023-02-11	2023-02-11
a_179	1	11	a_179	a_179	a_179	2023-02-11	2023-02-11
a_180	1	11	a_180	a_180	a_180	2023-02-11	2023-02-11
a_181	1	11	a_181	a_181	a_181	2023-02-11	2023-02-11
a_182	1	11	a_182	a_182	a_182	2023-02-11	2023-02-11
a_183	1	11	a_183	a_183	a_183	2023-02-11	2023-02-11
a_184	1	11	a_184	a_184	a_184	2023-02-11	2023-02-11
a_185	1	11	a_185	a_185	a_185	2023-02-11	2023-02-11
a_186	1	11	a_186	a_186	a_186	2023-02-11	2023-02-11
a_187	1	11	a_187	a_187	a_187	2023-02-11	2023-02-11
a_188	1	11	a_188	a_188	a_188	2023-02-11	2023-02-11
a_189	1	11	a_189	a_189	a_189	2023-02-11	2023-02-11
a_190	1	11	a_190	a_190	a_190	2023-02-11	2023-02-11
a_191	1	11	a_191	a_191	a_191	2023-02-11	2023-02-11
a_192	1	11	a_192	a_192	a_192	2023-02-11	2023-02-11
a_193	1	11	a_193	a_193	a_193	2023-02-11	2023-02-11
a_194	1	11	a_194	a_194	a_194	2023-02-11	2023-02-11
a_195	1	11	a_195	a_195	a_195	2023-02-11	2023-02-11
a_196	1	11	a_196	a_196	a_196	2023-02-11	2023-02-11
a_197	1	11	a_197	a_197	a_197	2023-02-11	2023-02-11
a_198	1	11	a_198	a_198	a_198	2023-02-11	2023-02-11
a_199	1	11	a_199	a_199	a_199	2023-02-11	2023-02-11
a_200	1	11	a_200	a_200	a_200	2023-02-11	2023-02-11
a_201	1	11	a_201	a_201	a_201	2023-02-11	2023-02-11
a_202	1	11	a_202	a_202	a_202	2023-02-11	2023-02-11
a_203	1	11	a_203	a_203	a_203	2023-02-11	2023-02-11
a_204	1	11	a_204	a_204	a_204	2023-02-11	2023-02-11
a_205	1	11	a_205	a_205	a_205	2023-02-11	2023-02-11
a_206	1	11	a_206	a_206	a_206	2023-02-11	2023-02-11
a_207	1	11	a_207	a_207	a_207	2023-02-11	2023-02-11
a_208	1	11	a_208	a_208	a_208	2023-02-11	2023-02-11
a_209	1	11	a_209	a_209	a_209	2023-02-11	2023-02-11
a_210	1	11	a_210	a_210	a_210	2023-02-11	2023-02-11
a_211	1	11	a_211	a_211	a_211	2023-02-11	2023-02-11
a_212	1	11	a_212	a_212	a_212	2023-02-11	2023-02-11
a_213	1	11	a_213	a_213	a_213	2023-02-11	2023-02-11
a_214	1	11	a_214	a_214	a_214	2023-02-11	2023-02-11
a_215	1	11	a_215	a_215	a_215	2023-02-11	2023-02-11
a_216	1	11	a_216	a_216	a_216	2023-02-11	2023-02-11
a_217	1	11	a_217	a_217	a_217	2023-02-11	2023-02-11
a_218	1	11	a_218	a_218	a_218	2023-02-11	2023-02-11
a_219	1	11	a_219	a_219	a_219	2023-02-11	2023-02-11
a_220	1	11	a_220	a_220	a_220	2023-02-11	2023-02-11
a_221	1	11	a_221	a_221	a_221	2023-02-11	2023-02-11
a_222	1	11	a_222	a_222	a_222	2023-02-11	2023-02-11
a_223	1	11	a_223	a_223	a_223	2023-02-11	2023-02-11
a_224	1	11	a_224	a_224	a_224	2023-02-11	2023-02-11
a_225	1	11	a_225	a_225	a_225	2023-02-11	2023-02-11
a_226	1	11	a_226	a_226	a_226	2023-02-11	2023-02-11
a_227	1	11	a_227	a_227	a_227	2023-02-11	2023-02-11
a_228	1	11	a_228	a_228	a_228	2023-02-11	2023-02-11
a_229	1	11	a_229	a_229	a_229	2023-02-11	2023-02-11
a_230	1	11	a_230	a_230	a_230	2023-02-11	2023-02-11
a_231	1	11	a_231	a_231	a_231	2023-02-11	2023-02-11
a_232	1	11	a_232	a_232	a_232	2023-02-11	2023-02-11
a_233	1	11	a_233	a_233	a_233	2023-02-11	2023-02-11
a_234	1	11	a_234	a_234	a_234	2023-02-11	2023-02-11
a_235	1	11	a_235	a_235	a_235	2023-02-11	2023-02-11
a_236	1	11	a_236	a_236	a_236	2023-02-11	2023-02-11
a_237	1	11	a_237	a_237	a_237	2023-02-11	2023-02-11
a_238	1	11	a_238	a_238	a_238	2023-02-11	2023-02-11
a_239	1	11	a_239	a_239	a_239	2023-02-11	2023-02-11
a_240	1	11	a_240	a_240	a_240	2023-02-11	2023-02-11
a_241	1	11	a_241	a_241	a_241	2023-02-11	2023-02-11
a_242	1	11	a_242	a_242	a_242	2023-02-11	2023-02-11
a_243	1	11	a_243	a_243	a_243	2023-02-11	2023-02-11
a_244	1	11	a_244	a_244	a_244	2023-02-11	2023-02-11
a_245	1	11	a_245	a_245	a_245	2023-02-11	2023-02-11
a_246	1	11	a_246	a_246	a_246	2023-02-11	2023-02-11
a_247	1	11	a_247	a_247	a_247	2023-02-11	2023-02-11
a_248	1	11	a_248	a_248	a_248	2023-02-11	2023-02-11
a_249	1	11	a_249	a_249	a_249	2023-02-11	2023-02-11
a_250	1	11	a_250	a_250	a_250	2023-02-11	2023-02-11
a_251	1	11	a_251	a_251	a_251	2023-02-11	2023-02-11
a_252	1	11	a_252	a_252	a_252	2023-02-11	2023-02-11
a_253	1	11	a_253	a_253	a_253	2023-02-11	2023-02-11
a_254	1	11	a_254	a_254	a_254	2023-02-11	2023-02-11
a_255	1	11	a_255	a_255	a_255	2023-02-11	2023-02-11
a_256	1	11	a_256	a_256	a_256	2023-02-11	2023-02-11
a_257	1	11	a_257	a_257	a_257	2023-02-11	2023-02-11
a_258	1	11	a_258	a_258	a_258	2023-02-11	2023-02-11
a_259	1	11	a_259	a_259	a_259	2023-02-11	2023-02-11
a_260	1	11	a_260	a_260	a_260	2023-02-11	2023-02-11
a_261	1	11	a_261	a_261	a_261	2023-02-11	2023-02-11
a_262	1	11	a_262	a_262	a_262	2023-02-11	2023-02-11
a_263	1	11	a_263	a_263	a_263	2023-02-11	2023-02-11
a_264	1	11	a_264	a_264	a_264	2023-02-11	2023-02-11
a_265	1	11	a_265	a_265	a_265	2023-02-11	2023-02-11
a_266	1	11	a_266	a_266	a_266	2023-02-11	2023-02-11
a_267	1	11	a_267	a_267	a_267	2023-02-11	2023-02-11
a_268	1	11	a_268	a_268	a_268	2023-02-11	2023-02-11
a_269	1	11	a_269	a_269	a_269	2023-02-11	2023-02-11
a_270	1	11	a_270	a_270	a_270	2023-02-11	2023-02-11
a_271	1	11	a_271	a_271	a_271	2023-02-11	2023-02-11
a_272	1	11	a_272	a_272	a_272	2023-02-11	2023-02-11
a_273	1	11	a_273	a_273	a_273	2023-02-11	2023-02-11
a_274	1	11	a_274	a_274	a_274	2023-02-11	2023-02-11
a_275	1	11	a_275	a_275	a_275	2023-02-11	2023-02-11
a_276	1	11	a_276	a_276	a_276	2023-02-11	2023-02-11
a_277	1	11	a_277	a_277	a_277	2023-02-11	2023-02-11
a_278	1	11	a_278	a_278	a_278	2023-02-11	2023-02-11
a_279	1	11	a_279	a_279	a_279	2023-02-11	2023-02-11
a_280	1	11	a_280	a_280	a_280	2023-02-11	2023-02-11
a_281	1	11	a_281	a_281	a_281	2023-02-11	2023-02-11
a_282	1	11	a_282	a_282	a_282	2023-02-11	2023-02-11
a_283	1	11	a_283	a_283	a_283	2023-02-11	2023-02-11
a_284	1	11	a_284	a_284	a_284	2023-02-11	2023-02-11
a_285	1	11	a_285	a_285	a_285	2023-02-11	2023-02-11
a_286	1	11	a_286	a_286	a_286	2023-02-11	2023-02-11
a_287	1	11	a_287	a_287	a_287	2023-02-11	2023-02-11
a_288	1	11	a_288	a_288	a_288	2023-02-11	2023-02-11
a_289	1	11	a_289	a_289	a_289	2023-02-11	2023-02-11
a_290	1	11	a_290	a_290	a_290	2023-02-11	2023-02-11
a_291	1	11	a_291	a_291	a_291	2023-02-11	2023-02-11
a_292	1	11	a_292	a_292	a_292	2023-02-11	2023-02-11
a_293	1	11	a_293	a_293	a_293	2023-02-11	2023-02-11
a_294	1	11	a_294	a_294	a_294	2023-02-11	2023-02-11
a_295	1	11	a_295	a_295	a_295	2023-02-11	2023-02-11
a_296	1	11	a_296	a_296	a_296	2023-02-11	2023-02-11
a_297	1	11	a_297	a_297	a_297	2023-02-11	2023-02-11
a_298	1	11	a_298	a_298	a_298	2023-02-11	2023-02-11
a_299	1	11	a_299	a_299	a_299	2023-02-11	2023-02-11
a_300	1	11	a_300	a_300	a_300	2023-02-11	2023-02-11
a_301	1	11	a_301	a_301	a_301	2023-02-11	2023-02-11
a_302	1	11	a_302	a_302	a_302	2023-02-11	2023-02-11
a_303	1	11	a_303	a_303	a_303	2023-02-11	2023-02-11
a_304	1	11	a_304	a_304	a_304	2023-02-11	2023-02-11
a_305	1	11	a_305	a_305	a_305	2023-02-11	2023-02-11
a_306	1	11	a_306	a_306	a_306	2023-02-11	2023-02-11
a_307	1	11	a_307	a_307	a_307	2023-02-11	2023-02-11
a_308	1	11	a_308	a_308	a_308	2023-02-11	2023-02-11
a_309	1	11	a_309	a_309	a_309	2023-02-11	2023-02-11
a_310	1	11	a_310	a_310	a_310	2023-02-11	2023-02-11
a_311	1	11	a_311	a_311	a_311	2023-02-11	2023-02-11
a_312	1	11	a_312	a_312	a_312	2023-02-11	2023-02-11
a_313	1	11	a_313	a_313	a_313	2023-02-11	2023-02-11
a_314	1	11	a_314	a_314	a_314	2023-02-11	2023-02-11
a_315	1	11	a_315	a_315	a_315	2023-02-11	2023-02-11
a_316	1	11	a_316	a_316	a_316	2023-02-11	2023-02-11
a_317	1	11	a_317	a_317	a_317	2023-02-11	2023-02-11
a_318	1	11	a_318	a_318	a_318	2023-02-11	2023-02-11
a_319	1	11	a_319	a_319	a_319	2023-02-11	2023-02-11
a_320	1	11	a_320	a_320	a_320	2023-02-11	2023-02-11
a_321	1	11	a_321	a_321	a_321	2023-02-11	2023-02-11
a_322	1	11	a_322	a_322	a_322	2023-02-11	2023-02-11
a_323	1	11	a_323	a_323	a_323	2023-02-11	2023-02-11
a_324	1	11	a_324	a_324	a_324	2023-02-11	2023-02-11
a_325	1	11	a_325	a_325	a_325	2023-02-11	2023-02-11
a_326	1	11	a_326	a_326	a_326	2023-02-11	2023-02-11
a_327	1	11	a_327	a_327	a_327	2023-02-11	2023-02-11
a_328	1	11	a_328	a_328	a_328	2023-02-11	2023-02-11
a_329	1	11	a_329	a_329	a_329	2023-02-11	2023-02-11
a_330	1	11	a_330	a_330	a_330	2023-02-11	2023-02-11
a_331	1	11	a_331	a_331	a_331	2023-02-11	2023-02-11
a_332	1	11	a_332	a_332	a_332	2023-02-11	2023-02-11
a_333	1	11	a_333	a_333	a_333	2023-02-11	2023-02-11
a_334	1	11	a_334	a_334	a_334	2023-02-11	2023-02-11
a_335	1	11	a_335	a_335	a_335	2023-02-11	2023-02-11
a_336	1	11	a_336	a_336	a_336	2023-02-11	2023-02-11
a_337	1	11	a_337	a_337	a_337	2023-02-11	2023-02-11
a_338	1	11	a_338	a_338	a_338	2023-02-11	2023-02-11
a_339	1	11	a_339	a_339	a_339	2023-02-11	2023-02-11
a_340	1	11	a_340	a_340	a_340	2023-02-11	2023-02-11
a_341	1	11	a_341	a_341	a_341	2023-02-11	2023-02-11
a_342	1	11	a_342	a_342	a_342	2023-02-11	2023-02-11
a_343	1	11	a_343	a_343	a_343	2023-02-11	2023-02-11
a_344	1	11	a_344	a_344	a_344	2023-02-11	2023-02-11
a_345	1	11	a_345	a_345	a_345	2023-02-11	2023-02-11
a_346	1	11	a_346	a_346	a_346	2023-02-11	2023-02-11
a_347	1	11	a_347	a_347	a_347	2023-02-11	2023-02-11
a_348	1	11	a_348	a_348	a_348	2023-02-11	2023-02-11
a_349	1	11	a_349	a_349	a_349	2023-02-11	2023-02-11
a_350	1	11	a_350	a_350	a_350	2023-02-11	2023-02-11
a_351	1	11	a_351	a_351	a_351	2023-02-11	2023-02-11
a_352	1	11	a_352	a_352	a_352	2023-02-11	2023-02-11
a_353	1	11	a_353	a_353	a_353	2023-02-11	2023-02-11
a_354	1	11	a_354	a_354	a_354	2023-02-11	2023-02-11
a_355	1	11	a_355	a_355	a_355	2023-02-11	2023-02-11
a_356	1	11	a_356	a_356	a_356	2023-02-11	2023-02-11
a_357	1	11	a_357	a_357	a_357	2023-02-11	2023-02-11
a_358	1	11	a_358	a_358	a_358	2023-02-11	2023-02-11
a_359	1	11	a_359	a_359	a_359	2023-02-11	2023-02-11
a_360	1	11	a_360	a_360	a_360	2023-02-11	2023-02-11
a_361	1	11	a_361	a_361	a_361	2023-02-11	2023-02-11
a_362	1	11	a_362	a_362	a_362	2023-02-11	2023-02-11
a_363	1	11	a_363	a_363	a_363	2023-02-11	2023-02-11
a_364	1	11	a_364	a_364	a_364	2023-02-11	2023-02-11
a_365	1	11	a_365	a_365	a_365	2023-02-11	2023-02-11
a_366	1	11	a_366	a_366	a_366	2023-02-11	2023-02-11
a_367	1	11	a_367	a_367	a_367	2023-02-11	2023-02-11
a_368	1	11	a_368	a_368	a_368	2023-02-11	2023-02-11
a_369	1	11	a_369	a_369	a_369	2023-02-11	2023-02-11
a_370	1	11	a_370	a_370	a_370	2023-02-11	2023-02-11
a_371	1	11	a_371	a_371	a_371	2023-02-11	2023-02-11
a_372	1	11	a_372	a_372	a_372	2023-02-11	2023-02-11
a_373	1	11	a_373	a_373	a_373	2023-02-11	2023-02-11
a_374	1	11	a_374	a_374	a_374	2023-02-11	2023-02-11
a_375	1	11	a_375	a_375	a_375	2023-02-11	2023-02-11
a_376	1	11	a_376	a_376	a_376	2023-02-11	2023-02-11
a_377	1	11	a_377	a_377	a_377	2023-02-11	2023-02-11
a_378	1	11	a_378	a_378	a_378	2023-02-11	2023-02-11
a_379	1	11	a_379	a_379	a_379	2023-02-11	2023-02-11
a_380	1	11	a_380	a_380	a_380	2023-02-11	2023-02-11
a_381	1	11	a_381	a_381	a_381	2023-02-11	2023-02-11
a_382	1	11	a_382	a_382	a_382	2023-02-11	2023-02-11
a_383	1	11	a_383	a_383	a_383	2023-02-11	2023-02-11
a_384	1	11	a_384	a_384	a_384	2023-02-11	2023-02-11
a_385	1	11	a_385	a_385	a_385	2023-02-11	2023-02-11
a_386	1	11	a_386	a_386	a_386	2023-02-11	2023-02-11
a_387	1	11	a_387	a_387	a_387	2023-02-11	2023-02-11
a_388	1	11	a_388	a_388	a_388	2023-02-11	2023-02-11
a_389	1	11	a_389	a_389	a_389	2023-02-11	2023-02-11
a_390	1	11	a_390	a_390	a_390	2023-02-11	2023-02-11
a_391	1	11	a_391	a_391	a_391	2023-02-11	2023-02-11
a_392	1	11	a_392	a_392	a_392	2023-02-11	2023-02-11
a_393	1	11	a_393	a_393	a_393	2023-02-11	2023-02-11
a_394	1	11	a_394	a_394	a_394	2023-02-11	2023-02-11
a_395	1	11	a_395	a_395	a_395	2023-02-11	2023-02-11
a_396	1	11	a_396	a_396	a_396	2023-02-11	2023-02-11
a_397	1	11	a_397	a_397	a_397	2023-02-11	2023-02-11
a_398	1	11	a_398	a_398	a_398	2023-02-11	2023-02-11
a_399	1	11	a_399	a_399	a_399	2023-02-11	2023-02-11
a_400	1	11	a_400	a_400	a_400	2023-02-11	2023-02-11
a_401	1	11	a_401	a_401	a_401	2023-02-11	2023-02-11
a_402	1	11	a_402	a_402	a_402	2023-02-11	2023-02-11
a_403	1	11	a_403	a_403	a_403	2023-02-11	2023-02-11
a_404	1	11	a_404	a_404	a_404	2023-02-11	2023-02-11
a_405	1	11	a_405	a_405	a_405	2023-02-11	2023-02-11
a_406	1	11	a_406	a_406	a_406	2023-02-11	2023-02-11
a_407	1	11	a_407	a_407	a_407	2023-02-11	2023-02-11
a_408	1	11	a_408	a_408	a_408	2023-02-11	2023-02-11
a_409	1	11	a_409	a_409	a_409	2023-02-11	2023-02-11
a_410	1	11	a_410	a_410	a_410	2023-02-11	2023-02-11
a_411	1	11	a_411	a_411	a_411	2023-02-11	2023-02-11
a_412	1	11	a_412	a_412	a_412	2023-02-11	2023-02-11
a_413	1	11	a_413	a_413	a_413	2023-02-11	2023-02-11
a_414	1	11	a_414	a_414	a_414	2023-02-11	2023-02-11
a_415	1	11	a_415	a_415	a_415	2023-02-11	2023-02-11
a_416	1	11	a_416	a_416	a_416	2023-02-11	2023-02-11
a_417	1	11	a_417	a_417	a_417	2023-02-11	2023-02-11
a_418	1	11	a_418	a_418	a_418	2023-02-11	2023-02-11
a_419	1	11	a_419	a_419	a_419	2023-02-11	2023-02-11
a_420	1	11	a_420	a_420	a_420	2023-02-11	2023-02-11
a_421	1	11	a_421	a_421	a_421	2023-02-11	2023-02-11
a_422	1	11	a_422	a_422	a_422	2023-02-11	2023-02-11
a_423	1	11	a_423	a_423	a_423	2023-02-11	2023-02-11
a_424	1	11	a_424	a_424	a_424	2023-02-11	2023-02-11
a_425	1	11	a_425	a_425	a_425	2023-02-11	2023-02-11
a_426	1	11	a_426	a_426	a_426	2023-02-11	2023-02-11
a_427	1	11	a_427	a_427	a_427	2023-02-11	2023-02-11
a_428	1	11	a_428	a_428	a_428	2023-02-11	2023-02-11
a_429	1	11	a_429	a_429	a_429	2023-02-11	2023-02-11
a_430	1	11	a_430	a_430	a_430	2023-02-11	2023-02-11
a_431	1	11	a_431	a_431	a_431	2023-02-11	2023-02-11
a_432	1	11	a_432	a_432	a_432	2023-02-11	2023-02-11
a_433	1	11	a_433	a_433	a_433	2023-02-11	2023-02-11
a_434	1	11	a_434	a_434	a_434	2023-02-11	2023-02-11
a_435	1	11	a_435	a_435	a_435	2023-02-11	2023-02-11
a_436	1	11	a_436	a_436	a_436	2023-02-11	2023-02-11
a_437	1	11	a_437	a_437	a_437	2023-02-11	2023-02-11
a_438	1	11	a_438	a_438	a_438	2023-02-11	2023-02-11
a_439	1	11	a_439	a_439	a_439	2023-02-11	2023-02-11
a_440	1	11	a_440	a_440	a_440	2023-02-11	2023-02-11
a_441	1	11	a_441	a_441	a_441	2023-02-11	2023-02-11
a_442	1	11	a_442	a_442	a_442	2023-02-11	2023-02-11
a_443	1	11	a_443	a_443	a_443	2023-02-11	2023-02-11
a_444	1	11	a_444	a_444	a_444	2023-02-11	2023-02-11
a_445	1	11	a_445	a_445	a_445	2023-02-11	2023-02-11
a_446	1	11	a_446	a_446	a_446	2023-02-11	2023-02-11
a_447	1	11	a_447	a_447	a_447	2023-02-11	2023-02-11
a_448	1	11	a_448	a_448	a_448	2023-02-11	2023-02-11
a_449	1	11	a_449	a_449	a_449	2023-02-11	2023-02-11
a_450	1	11	a_450	a_450	a_450	2023-02-11	2023-02-11
a_451	1	11	a_451	a_451	a_451	2023-02-11	2023-02-11
a_452	1	11	a_452	a_452	a_452	2023-02-11	2023-02-11
a_453	1	11	a_453	a_453	a_453	2023-02-11	2023-02-11
a_454	1	11	a_454	a_454	a_454	2023-02-11	2023-02-11
a_455	1	11	a_455	a_455	a_455	2023-02-11	2023-02-11
a_456	1	11	a_456	a_456	a_456	2023-02-11	2023-02-11
a_457	1	11	a_457	a_457	a_457	2023-02-11	2023-02-11
a_458	1	11	a_458	a_458	a_458	2023-02-11	2023-02-11
a_459	1	11	a_459	a_459	a_459	2023-02-11	2023-02-11
a_460	1	11	a_460	a_460	a_460	2023-02-11	2023-02-11
a_461	1	11	a_461	a_461	a_461	2023-02-11	2023-02-11
a_462	1	11	a_462	a_462	a_462	2023-02-11	2023-02-11
a_463	1	11	a_463	a_463	a_463	2023-02-11	2023-02-11
a_464	1	11	a_464	a_464	a_464	2023-02-11	2023-02-11
a_465	1	11	a_465	a_465	a_465	2023-02-11	2023-02-11
a_466	1	11	a_466	a_466	a_466	2023-02-11	2023-02-11
a_467	1	11	a_467	a_467	a_467	2023-02-11	2023-02-11
a_468	1	11	a_468	a_468	a_468	2023-02-11	2023-02-11
a_469	1	11	a_469	a_469	a_469	2023-02-11	2023-02-11
a_470	1	11	a_470	a_470	a_470	2023-02-11	2023-02-11
a_471	1	11	a_471	a_471	a_471	2023-02-11	2023-02-11
a_472	1	11	a_472	a_472	a_472	2023-02-11	2023-02-11
a_473	1	11	a_473	a_473	a_473	2023-02-11	2023-02-11
a_474	1	11	a_474	a_474	a_474	2023-02-11	2023-02-11
a_475	1	11	a_475	a_475	a_475	2023-02-11	2023-02-11
a_476	1	11	a_476	a_476	a_476	2023-02-11	2023-02-11
a_477	1	11	a_477	a_477	a_477	2023-02-11	2023-02-11
a_478	1	11	a_478	a_478	a_478	2023-02-11	2023-02-11
a_479	1	11	a_479	a_479	a_479	2023-02-11	2023-02-11
a_480	1	11	a_480	a_480	a_480	2023-02-11	2023-02-11
a_481	1	11	a_481	a_481	a_481	2023-02-11	2023-02-11
a_482	1	11	a_482	a_482	a_482	2023-02-11	2023-02-11
a_483	1	11	a_483	a_483	a_483	2023-02-11	2023-02-11
a_484	1	11	a_484	a_484	a_484	2023-02-11	2023-02-11
a_485	1	11	a_485	a_485	a_485	2023-02-11	2023-02-11
a_486	1	11	a_486	a_486	a_486	2023-02-11	2023-02-11
a_487	1	11	a_487	a_487	a_487	2023-02-11	2023-02-11
a_488	1	11	a_488	a_488	a_488	2023-02-11	2023-02-11
a_489	1	11	a_489	a_489	a_489	2023-02-11	2023-02-11
a_490	1	11	a_490	a_490	a_490	2023-02-11	2023-02-11
a_491	1	11	a_491	a_491	a_491	2023-02-11	2023-02-11
a_492	1	11	a_492	a_492	a_492	2023-02-11	2023-02-11
a_493	1	11	a_493	a_493	a_493	2023-02-11	2023-02-11
a_494	1	11	a_494	a_494	a_494	2023-02-11	2023-02-11
a_495	1	11	a_495	a_495	a_495	2023-02-11	2023-02-11
a_496	1	11	a_496	a_496	a_496	2023-02-11	2023-02-11
a_497	1	11	a_497	a_497	a_497	2023-02-11	2023-02-11
a_498	1	11	a_498	a_498	a_498	2023-02-11	2023-02-11
a_499	1	11	a_499	a_499	a_499	2023-02-11	2023-02-11
a_500	1	11	a_500	a_500	a_500	2023-02-11	2023-02-11
a_501	1	11	a_501	a_501	a_501	2023-02-11	2023-02-11
a_502	1	11	a_502	a_502	a_502	2023-02-11	2023-02-11
a_503	1	11	a_503	a_503	a_503	2023-02-11	2023-02-11
a_504	1	11	a_504	a_504	a_504	2023-02-11	2023-02-11
a_505	1	11	a_505	a_505	a_505	2023-02-11	2023-02-11
a_506	1	11	a_506	a_506	a_506	2023-02-11	2023-02-11
a_507	1	11	a_507	a_507	a_507	2023-02-11	2023-02-11
a_508	1	11	a_508	a_508	a_508	2023-02-11	2023-02-11
a_509	1	11	a_509	a_509	a_509	2023-02-11	2023-02-11
a_510	1	11	a_510	a_510	a_510	2023-02-11	2023-02-11
a_511	1	11	a_511	a_511	a_511	2023-02-11	2023-02-11
a_512	1	11	a_512	a_512	a_512	2023-02-11	2023-02-11
a_513	1	11	a_513	a_513	a_513	2023-02-11	2023-02-11
a_514	1	11	a_514	a_514	a_514	2023-02-11	2023-02-11
a_515	1	11	a_515	a_515	a_515	2023-02-11	2023-02-11
a_516	1	11	a_516	a_516	a_516	2023-02-11	2023-02-11
a_517	1	11	a_517	a_517	a_517	2023-02-11	2023-02-11
a_518	1	11	a_518	a_518	a_518	2023-02-11	2023-02-11
a_519	1	11	a_519	a_519	a_519	2023-02-11	2023-02-11
a_520	1	11	a_520	a_520	a_520	2023-02-11	2023-02-11
a_521	1	11	a_521	a_521	a_521	2023-02-11	2023-02-11
a_522	1	11	a_522	a_522	a_522	2023-02-11	2023-02-11
a_523	1	11	a_523	a_523	a_523	2023-02-11	2023-02-11
a_524	1	11	a_524	a_524	a_524	2023-02-11	2023-02-11
a_525	1	11	a_525	a_525	a_525	2023-02-11	2023-02-11
a_526	1	11	a_526	a_526	a_526	2023-02-11	2023-02-11
a_527	1	11	a_527	a_527	a_527	2023-02-11	2023-02-11
a_528	1	11	a_528	a_528	a_528	2023-02-11	2023-02-11
a_529	1	11	a_529	a_529	a_529	2023-02-11	2023-02-11
a_530	1	11	a_530	a_530	a_530	2023-02-11	2023-02-11
a_531	1	11	a_531	a_531	a_531	2023-02-11	2023-02-11
a_532	1	11	a_532	a_532	a_532	2023-02-11	2023-02-11
a_533	1	11	a_533	a_533	a_533	2023-02-11	2023-02-11
a_534	1	11	a_534	a_534	a_534	2023-02-11	2023-02-11
a_535	1	11	a_535	a_535	a_535	2023-02-11	2023-02-11
a_536	1	11	a_536	a_536	a_536	2023-02-11	2023-02-11
a_537	1	11	a_537	a_537	a_537	2023-02-11	2023-02-11
a_538	1	11	a_538	a_538	a_538	2023-02-11	2023-02-11
a_539	1	11	a_539	a_539	a_539	2023-02-11	2023-02-11
a_540	1	11	a_540	a_540	a_540	2023-02-11	2023-02-11
a_541	1	11	a_541	a_541	a_541	2023-02-11	2023-02-11
a_542	1	11	a_542	a_542	a_542	2023-02-11	2023-02-11
a_543	1	11	a_543	a_543	a_543	2023-02-11	2023-02-11
a_544	1	11	a_544	a_544	a_544	2023-02-11	2023-02-11
a_545	1	11	a_545	a_545	a_545	2023-02-11	2023-02-11
a_546	1	11	a_546	a_546	a_546	2023-02-11	2023-02-11
a_547	1	11	a_547	a_547	a_547	2023-02-11	2023-02-11
a_548	1	11	a_548	a_548	a_548	2023-02-11	2023-02-11
a_549	1	11	a_549	a_549	a_549	2023-02-11	2023-02-11
a_550	1	11	a_550	a_550	a_550	2023-02-11	2023-02-11
a_551	1	11	a_551	a_551	a_551	2023-02-11	2023-02-11
a_552	1	11	a_552	a_552	a_552	2023-02-11	2023-02-11
a_553	1	11	a_553	a_553	a_553	2023-02-11	2023-02-11
a_554	1	11	a_554	a_554	a_554	2023-02-11	2023-02-11
a_555	1	11	a_555	a_555	a_555	2023-02-11	2023-02-11
a_556	1	11	a_556	a_556	a_556	2023-02-11	2023-02-11
a_557	1	11	a_557	a_557	a_557	2023-02-11	2023-02-11
a_558	1	11	a_558	a_558	a_558	2023-02-11	2023-02-11
a_559	1	11	a_559	a_559	a_559	2023-02-11	2023-02-11
a_560	1	11	a_560	a_560	a_560	2023-02-11	2023-02-11
a_561	1	11	a_561	a_561	a_561	2023-02-11	2023-02-11
a_562	1	11	a_562	a_562	a_562	2023-02-11	2023-02-11
a_563	1	11	a_563	a_563	a_563	2023-02-11	2023-02-11
a_564	1	11	a_564	a_564	a_564	2023-02-11	2023-02-11
a_565	1	11	a_565	a_565	a_565	2023-02-11	2023-02-11
a_566	1	11	a_566	a_566	a_566	2023-02-11	2023-02-11
a_567	1	11	a_567	a_567	a_567	2023-02-11	2023-02-11
a_568	1	11	a_568	a_568	a_568	2023-02-11	2023-02-11
a_569	1	11	a_569	a_569	a_569	2023-02-11	2023-02-11
a_570	1	11	a_570	a_570	a_570	2023-02-11	2023-02-11
a_571	1	11	a_571	a_571	a_571	2023-02-11	2023-02-11
a_572	1	11	a_572	a_572	a_572	2023-02-11	2023-02-11
a_573	1	11	a_573	a_573	a_573	2023-02-11	2023-02-11
a_574	1	11	a_574	a_574	a_574	2023-02-11	2023-02-11
a_575	1	11	a_575	a_575	a_575	2023-02-11	2023-02-11
a_576	1	11	a_576	a_576	a_576	2023-02-11	2023-02-11
a_577	1	11	a_577	a_577	a_577	2023-02-11	2023-02-11
a_578	1	11	a_578	a_578	a_578	2023-02-11	2023-02-11
a_579	1	11	a_579	a_579	a_579	2023-02-11	2023-02-11
a_580	1	11	a_580	a_580	a_580	2023-02-11	2023-02-11
a_581	1	11	a_581	a_581	a_581	2023-02-11	2023-02-11
a_582	1	11	a_582	a_582	a_582	2023-02-11	2023-02-11
a_583	1	11	a_583	a_583	a_583	2023-02-11	2023-02-11
a_584	1	11	a_584	a_584	a_584	2023-02-11	2023-02-11
a_585	1	11	a_585	a_585	a_585	2023-02-11	2023-02-11
a_586	1	11	a_586	a_586	a_586	2023-02-11	2023-02-11
a_587	1	11	a_587	a_587	a_587	2023-02-11	2023-02-11
a_588	1	11	a_588	a_588	a_588	2023-02-11	2023-02-11
a_589	1	11	a_589	a_589	a_589	2023-02-11	2023-02-11
a_590	1	11	a_590	a_590	a_590	2023-02-11	2023-02-11
a_591	1	11	a_591	a_591	a_591	2023-02-11	2023-02-11
a_592	1	11	a_592	a_592	a_592	2023-02-11	2023-02-11
a_593	1	11	a_593	a_593	a_593	2023-02-11	2023-02-11
a_594	1	11	a_594	a_594	a_594	2023-02-11	2023-02-11
a_595	1	11	a_595	a_595	a_595	2023-02-11	2023-02-11
a_596	1	11	a_596	a_596	a_596	2023-02-11	2023-02-11
a_597	1	11	a_597	a_597	a_597	2023-02-11	2023-02-11
a_598	1	11	a_598	a_598	a_598	2023-02-11	2023-02-11
a_599	1	11	a_599	a_599	a_599	2023-02-11	2023-02-11
a_600	1	11	a_600	a_600	a_600	2023-02-11	2023-02-11
a_601	1	11	a_601	a_601	a_601	2023-02-11	2023-02-11
a_602	1	11	a_602	a_602	a_602	2023-02-11	2023-02-11
a_603	1	11	a_603	a_603	a_603	2023-02-11	2023-02-11
a_604	1	11	a_604	a_604	a_604	2023-02-11	2023-02-11
a_605	1	11	a_605	a_605	a_605	2023-02-11	2023-02-11
a_606	1	11	a_606	a_606	a_606	2023-02-11	2023-02-11
a_607	1	11	a_607	a_607	a_607	2023-02-11	2023-02-11
a_608	1	11	a_608	a_608	a_608	2023-02-11	2023-02-11
a_609	1	11	a_609	a_609	a_609	2023-02-11	2023-02-11
a_610	1	11	a_610	a_610	a_610	2023-02-11	2023-02-11
a_611	1	11	a_611	a_611	a_611	2023-02-11	2023-02-11
a_612	1	11	a_612	a_612	a_612	2023-02-11	2023-02-11
a_613	1	11	a_613	a_613	a_613	2023-02-11	2023-02-11
a_614	1	11	a_614	a_614	a_614	2023-02-11	2023-02-11
a_615	1	11	a_615	a_615	a_615	2023-02-11	2023-02-11
a_616	1	11	a_616	a_616	a_616	2023-02-11	2023-02-11
a_617	1	11	a_617	a_617	a_617	2023-02-11	2023-02-11
a_618	1	11	a_618	a_618	a_618	2023-02-11	2023-02-11
a_619	1	11	a_619	a_619	a_619	2023-02-11	2023-02-11
a_620	1	11	a_620	a_620	a_620	2023-02-11	2023-02-11
a_621	1	11	a_621	a_621	a_621	2023-02-11	2023-02-11
a_622	1	11	a_622	a_622	a_622	2023-02-11	2023-02-11
a_623	1	11	a_623	a_623	a_623	2023-02-11	2023-02-11
a_624	1	11	a_624	a_624	a_624	2023-02-11	2023-02-11
a_625	1	11	a_625	a_625	a_625	2023-02-11	2023-02-11
a_626	1	11	a_626	a_626	a_626	2023-02-11	2023-02-11
a_627	1	11	a_627	a_627	a_627	2023-02-11	2023-02-11
a_628	1	11	a_628	a_628	a_628	2023-02-11	2023-02-11
a_629	1	11	a_629	a_629	a_629	2023-02-11	2023-02-11
a_630	1	11	a_630	a_630	a_630	2023-02-11	2023-02-11
a_631	1	11	a_631	a_631	a_631	2023-02-11	2023-02-11
a_632	1	11	a_632	a_632	a_632	2023-02-11	2023-02-11
a_633	1	11	a_633	a_633	a_633	2023-02-11	2023-02-11
a_634	1	11	a_634	a_634	a_634	2023-02-11	2023-02-11
a_635	1	11	a_635	a_635	a_635	2023-02-11	2023-02-11
a_636	1	11	a_636	a_636	a_636	2023-02-11	2023-02-11
a_637	1	11	a_637	a_637	a_637	2023-02-11	2023-02-11
a_638	1	11	a_638	a_638	a_638	2023-02-11	2023-02-11
a_639	1	11	a_639	a_639	a_639	2023-02-11	2023-02-11
a_640	1	11	a_640	a_640	a_640	2023-02-11	2023-02-11
a_641	1	11	a_641	a_641	a_641	2023-02-11	2023-02-11
a_642	1	11	a_642	a_642	a_642	2023-02-11	2023-02-11
a_643	1	11	a_643	a_643	a_643	2023-02-11	2023-02-11
a_644	1	11	a_644	a_644	a_644	2023-02-11	2023-02-11
a_645	1	11	a_645	a_645	a_645	2023-02-11	2023-02-11
a_646	1	11	a_646	a_646	a_646	2023-02-11	2023-02-11
a_647	1	11	a_647	a_647	a_647	2023-02-11	2023-02-11
a_648	1	11	a_648	a_648	a_648	2023-02-11	2023-02-11
a_649	1	11	a_649	a_649	a_649	2023-02-11	2023-02-11
a_650	1	11	a_650	a_650	a_650	2023-02-11	2023-02-11
a_651	1	11	a_651	a_651	a_651	2023-02-11	2023-02-11
a_652	1	11	a_652	a_652	a_652	2023-02-11	2023-02-11
a_653	1	11	a_653	a_653	a_653	2023-02-11	2023-02-11
a_654	1	11	a_654	a_654	a_654	2023-02-11	2023-02-11
a_655	1	11	a_655	a_655	a_655	2023-02-11	2023-02-11
a_656	1	11	a_656	a_656	a_656	2023-02-11	2023-02-11
a_657	1	11	a_657	a_657	a_657	2023-02-11	2023-02-11
a_658	1	11	a_658	a_658	a_658	2023-02-11	2023-02-11
a_659	1	11	a_659	a_659	a_659	2023-02-11	2023-02-11
a_660	1	11	a_660	a_660	a_660	2023-02-11	2023-02-11
a_661	1	11	a_661	a_661	a_661	2023-02-11	2023-02-11
a_662	1	11	a_662	a_662	a_662	2023-02-11	2023-02-11
a_663	1	11	a_663	a_663	a_663	2023-02-11	2023-02-11
a_664	1	11	a_664	a_664	a_664	2023-02-11	2023-02-11
a_665	1	11	a_665	a_665	a_665	2023-02-11	2023-02-11
a_666	1	11	a_666	a_666	a_666	2023-02-11	2023-02-11
a_667	1	11	a_667	a_667	a_667	2023-02-11	2023-02-11
a_668	1	11	a_668	a_668	a_668	2023-02-11	2023-02-11
a_669	1	11	a_669	a_669	a_669	2023-02-11	2023-02-11
a_670	1	11	a_670	a_670	a_670	2023-02-11	2023-02-11
a_671	1	11	a_671	a_671	a_671	2023-02-11	2023-02-11
a_672	1	11	a_672	a_672	a_672	2023-02-11	2023-02-11
a_673	1	11	a_673	a_673	a_673	2023-02-11	2023-02-11
a_674	1	11	a_674	a_674	a_674	2023-02-11	2023-02-11
a_675	1	11	a_675	a_675	a_675	2023-02-11	2023-02-11
a_676	1	11	a_676	a_676	a_676	2023-02-11	2023-02-11
a_677	1	11	a_677	a_677	a_677	2023-02-11	2023-02-11
a_678	1	11	a_678	a_678	a_678	2023-02-11	2023-02-11
a_679	1	11	a_679	a_679	a_679	2023-02-11	2023-02-11
a_680	1	11	a_680	a_680	a_680	2023-02-11	2023-02-11
a_681	1	11	a_681	a_681	a_681	2023-02-11	2023-02-11
a_682	1	11	a_682	a_682	a_682	2023-02-11	2023-02-11
a_683	1	11	a_683	a_683	a_683	2023-02-11	2023-02-11
a_684	1	11	a_684	a_684	a_684	2023-02-11	2023-02-11
a_685	1	11	a_685	a_685	a_685	2023-02-11	2023-02-11
a_686	1	11	a_686	a_686	a_686	2023-02-11	2023-02-11
a_687	1	11	a_687	a_687	a_687	2023-02-11	2023-02-11
a_688	1	11	a_688	a_688	a_688	2023-02-11	2023-02-11
a_689	1	11	a_689	a_689	a_689	2023-02-11	2023-02-11
a_690	1	11	a_690	a_690	a_690	2023-02-11	2023-02-11
a_691	1	11	a_691	a_691	a_691	2023-02-11	2023-02-11
a_692	1	11	a_692	a_692	a_692	2023-02-11	2023-02-11
a_693	1	11	a_693	a_693	a_693	2023-02-11	2023-02-11
a_694	1	11	a_694	a_694	a_694	2023-02-11	2023-02-11
a_695	1	11	a_695	a_695	a_695	2023-02-11	2023-02-11
a_696	1	11	a_696	a_696	a_696	2023-02-11	2023-02-11
a_697	1	11	a_697	a_697	a_697	2023-02-11	2023-02-11
a_698	1	11	a_698	a_698	a_698	2023-02-11	2023-02-11
a_699	1	11	a_699	a_699	a_699	2023-02-11	2023-02-11
a_700	1	11	a_700	a_700	a_700	2023-02-11	2023-02-11
a_701	1	11	a_701	a_701	a_701	2023-02-11	2023-02-11
a_702	1	11	a_702	a_702	a_702	2023-02-11	2023-02-11
a_703	1	11	a_703	a_703	a_703	2023-02-11	2023-02-11
a_704	1	11	a_704	a_704	a_704	2023-02-11	2023-02-11
a_705	1	11	a_705	a_705	a_705	2023-02-11	2023-02-11
a_706	1	11	a_706	a_706	a_706	2023-02-11	2023-02-11
a_707	1	11	a_707	a_707	a_707	2023-02-11	2023-02-11
a_708	1	11	a_708	a_708	a_708	2023-02-11	2023-02-11
a_709	1	11	a_709	a_709	a_709	2023-02-11	2023-02-11
a_710	1	11	a_710	a_710	a_710	2023-02-11	2023-02-11
a_711	1	11	a_711	a_711	a_711	2023-02-11	2023-02-11
a_712	1	11	a_712	a_712	a_712	2023-02-11	2023-02-11
a_713	1	11	a_713	a_713	a_713	2023-02-11	2023-02-11
a_714	1	11	a_714	a_714	a_714	2023-02-11	2023-02-11
a_715	1	11	a_715	a_715	a_715	2023-02-11	2023-02-11
a_716	1	11	a_716	a_716	a_716	2023-02-11	2023-02-11
a_717	1	11	a_717	a_717	a_717	2023-02-11	2023-02-11
a_718	1	11	a_718	a_718	a_718	2023-02-11	2023-02-11
a_719	1	11	a_719	a_719	a_719	2023-02-11	2023-02-11
a_720	1	11	a_720	a_720	a_720	2023-02-11	2023-02-11
a_721	1	11	a_721	a_721	a_721	2023-02-11	2023-02-11
a_722	1	11	a_722	a_722	a_722	2023-02-11	2023-02-11
a_723	1	11	a_723	a_723	a_723	2023-02-11	2023-02-11
a_724	1	11	a_724	a_724	a_724	2023-02-11	2023-02-11
a_725	1	11	a_725	a_725	a_725	2023-02-11	2023-02-11
a_726	1	11	a_726	a_726	a_726	2023-02-11	2023-02-11
a_727	1	11	a_727	a_727	a_727	2023-02-11	2023-02-11
a_728	1	11	a_728	a_728	a_728	2023-02-11	2023-02-11
a_729	1	11	a_729	a_729	a_729	2023-02-11	2023-02-11
a_730	1	11	a_730	a_730	a_730	2023-02-11	2023-02-11
a_731	1	11	a_731	a_731	a_731	2023-02-11	2023-02-11
a_732	1	11	a_732	a_732	a_732	2023-02-11	2023-02-11
a_733	1	11	a_733	a_733	a_733	2023-02-11	2023-02-11
a_734	1	11	a_734	a_734	a_734	2023-02-11	2023-02-11
a_735	1	11	a_735	a_735	a_735	2023-02-11	2023-02-11
a_736	1	11	a_736	a_736	a_736	2023-02-11	2023-02-11
a_737	1	11	a_737	a_737	a_737	2023-02-11	2023-02-11
a_738	1	11	a_738	a_738	a_738	2023-02-11	2023-02-11
a_739	1	11	a_739	a_739	a_739	2023-02-11	2023-02-11
a_740	1	11	a_740	a_740	a_740	2023-02-11	2023-02-11
a_741	1	11	a_741	a_741	a_741	2023-02-11	2023-02-11
a_742	1	11	a_742	a_742	a_742	2023-02-11	2023-02-11
a_743	1	11	a_743	a_743	a_743	2023-02-11	2023-02-11
a_744	1	11	a_744	a_744	a_744	2023-02-11	2023-02-11
a_745	1	11	a_745	a_745	a_745	2023-02-11	2023-02-11
a_746	1	11	a_746	a_746	a_746	2023-02-11	2023-02-11
a_747	1	11	a_747	a_747	a_747	2023-02-11	2023-02-11
a_748	1	11	a_748	a_748	a_748	2023-02-11	2023-02-11
a_749	1	11	a_749	a_749	a_749	2023-02-11	2023-02-11
a_750	1	11	a_750	a_750	a_750	2023-02-11	2023-02-11
a_751	1	11	a_751	a_751	a_751	2023-02-11	2023-02-11
a_752	1	11	a_752	a_752	a_752	2023-02-11	2023-02-11
a_753	1	11	a_753	a_753	a_753	2023-02-11	2023-02-11
a_754	1	11	a_754	a_754	a_754	2023-02-11	2023-02-11
a_755	1	11	a_755	a_755	a_755	2023-02-11	2023-02-11
a_756	1	11	a_756	a_756	a_756	2023-02-11	2023-02-11
a_757	1	11	a_757	a_757	a_757	2023-02-11	2023-02-11
a_758	1	11	a_758	a_758	a_758	2023-02-11	2023-02-11
a_759	1	11	a_759	a_759	a_759	2023-02-11	2023-02-11
a_760	1	11	a_760	a_760	a_760	2023-02-11	2023-02-11
a_761	1	11	a_761	a_761	a_761	2023-02-11	2023-02-11
a_762	1	11	a_762	a_762	a_762	2023-02-11	2023-02-11
a_763	1	11	a_763	a_763	a_763	2023-02-11	2023-02-11
a_764	1	11	a_764	a_764	a_764	2023-02-11	2023-02-11
a_765	1	11	a_765	a_765	a_765	2023-02-11	2023-02-11
a_766	1	11	a_766	a_766	a_766	2023-02-11	2023-02-11
a_767	1	11	a_767	a_767	a_767	2023-02-11	2023-02-11
a_768	1	11	a_768	a_768	a_768	2023-02-11	2023-02-11
a_769	1	11	a_769	a_769	a_769	2023-02-11	2023-02-11
a_770	1	11	a_770	a_770	a_770	2023-02-11	2023-02-11
a_771	1	11	a_771	a_771	a_771	2023-02-11	2023-02-11
a_772	1	11	a_772	a_772	a_772	2023-02-11	2023-02-11
a_773	1	11	a_773	a_773	a_773	2023-02-11	2023-02-11
a_774	1	11	a_774	a_774	a_774	2023-02-11	2023-02-11
a_775	1	11	a_775	a_775	a_775	2023-02-11	2023-02-11
a_776	1	11	a_776	a_776	a_776	2023-02-11	2023-02-11
a_777	1	11	a_777	a_777	a_777	2023-02-11	2023-02-11
a_778	1	11	a_778	a_778	a_778	2023-02-11	2023-02-11
a_779	1	11	a_779	a_779	a_779	2023-02-11	2023-02-11
a_780	1	11	a_780	a_780	a_780	2023-02-11	2023-02-11
a_781	1	11	a_781	a_781	a_781	2023-02-11	2023-02-11
a_782	1	11	a_782	a_782	a_782	2023-02-11	2023-02-11
a_783	1	11	a_783	a_783	a_783	2023-02-11	2023-02-11
a_784	1	11	a_784	a_784	a_784	2023-02-11	2023-02-11
a_785	1	11	a_785	a_785	a_785	2023-02-11	2023-02-11
a_786	1	11	a_786	a_786	a_786	2023-02-11	2023-02-11
a_787	1	11	a_787	a_787	a_787	2023-02-11	2023-02-11
a_788	1	11	a_788	a_788	a_788	2023-02-11	2023-02-11
a_789	1	11	a_789	a_789	a_789	2023-02-11	2023-02-11
a_790	1	11	a_790	a_790	a_790	2023-02-11	2023-02-11
a_791	1	11	a_791	a_791	a_791	2023-02-11	2023-02-11
a_792	1	11	a_792	a_792	a_792	2023-02-11	2023-02-11
a_793	1	11	a_793	a_793	a_793	2023-02-11	2023-02-11
a_794	1	11	a_794	a_794	a_794	2023-02-11	2023-02-11
a_795	1	11	a_795	a_795	a_795	2023-02-11	2023-02-11
a_796	1	11	a_796	a_796	a_796	2023-02-11	2023-02-11
a_797	1	11	a_797	a_797	a_797	2023-02-11	2023-02-11
a_798	1	11	a_798	a_798	a_798	2023-02-11	2023-02-11
a_799	1	11	a_799	a_799	a_799	2023-02-11	2023-02-11
a_800	1	11	a_800	a_800	a_800	2023-02-11	2023-02-11
a_801	1	11	a_801	a_801	a_801	2023-02-11	2023-02-11
a_802	1	11	a_802	a_802	a_802	2023-02-11	2023-02-11
a_803	1	11	a_803	a_803	a_803	2023-02-11	2023-02-11
a_804	1	11	a_804	a_804	a_804	2023-02-11	2023-02-11
a_805	1	11	a_805	a_805	a_805	2023-02-11	2023-02-11
a_806	1	11	a_806	a_806	a_806	2023-02-11	2023-02-11
a_807	1	11	a_807	a_807	a_807	2023-02-11	2023-02-11
a_808	1	11	a_808	a_808	a_808	2023-02-11	2023-02-11
a_809	1	11	a_809	a_809	a_809	2023-02-11	2023-02-11
a_810	1	11	a_810	a_810	a_810	2023-02-11	2023-02-11
a_811	1	11	a_811	a_811	a_811	2023-02-11	2023-02-11
a_812	1	11	a_812	a_812	a_812	2023-02-11	2023-02-11
a_813	1	11	a_813	a_813	a_813	2023-02-11	2023-02-11
a_814	1	11	a_814	a_814	a_814	2023-02-11	2023-02-11
a_815	1	11	a_815	a_815	a_815	2023-02-11	2023-02-11
a_816	1	11	a_816	a_816	a_816	2023-02-11	2023-02-11
a_817	1	11	a_817	a_817	a_817	2023-02-11	2023-02-11
a_818	1	11	a_818	a_818	a_818	2023-02-11	2023-02-11
a_819	1	11	a_819	a_819	a_819	2023-02-11	2023-02-11
a_820	1	11	a_820	a_820	a_820	2023-02-11	2023-02-11
a_821	1	11	a_821	a_821	a_821	2023-02-11	2023-02-11
a_822	1	11	a_822	a_822	a_822	2023-02-11	2023-02-11
a_823	1	11	a_823	a_823	a_823	2023-02-11	2023-02-11
a_824	1	11	a_824	a_824	a_824	2023-02-11	2023-02-11
a_825	1	11	a_825	a_825	a_825	2023-02-11	2023-02-11
a_826	1	11	a_826	a_826	a_826	2023-02-11	2023-02-11
a_827	1	11	a_827	a_827	a_827	2023-02-11	2023-02-11
a_828	1	11	a_828	a_828	a_828	2023-02-11	2023-02-11
a_829	1	11	a_829	a_829	a_829	2023-02-11	2023-02-11
a_830	1	11	a_830	a_830	a_830	2023-02-11	2023-02-11
a_831	1	11	a_831	a_831	a_831	2023-02-11	2023-02-11
a_832	1	11	a_832	a_832	a_832	2023-02-11	2023-02-11
a_833	1	11	a_833	a_833	a_833	2023-02-11	2023-02-11
a_834	1	11	a_834	a_834	a_834	2023-02-11	2023-02-11
a_835	1	11	a_835	a_835	a_835	2023-02-11	2023-02-11
a_836	1	11	a_836	a_836	a_836	2023-02-11	2023-02-11
a_837	1	11	a_837	a_837	a_837	2023-02-11	2023-02-11
a_838	1	11	a_838	a_838	a_838	2023-02-11	2023-02-11
a_839	1	11	a_839	a_839	a_839	2023-02-11	2023-02-11
a_840	1	11	a_840	a_840	a_840	2023-02-11	2023-02-11
a_841	1	11	a_841	a_841	a_841	2023-02-11	2023-02-11
a_842	1	11	a_842	a_842	a_842	2023-02-11	2023-02-11
a_843	1	11	a_843	a_843	a_843	2023-02-11	2023-02-11
a_844	1	11	a_844	a_844	a_844	2023-02-11	2023-02-11
a_845	1	11	a_845	a_845	a_845	2023-02-11	2023-02-11
a_846	1	11	a_846	a_846	a_846	2023-02-11	2023-02-11
a_847	1	11	a_847	a_847	a_847	2023-02-11	2023-02-11
a_848	1	11	a_848	a_848	a_848	2023-02-11	2023-02-11
a_849	1	11	a_849	a_849	a_849	2023-02-11	2023-02-11
a_850	1	11	a_850	a_850	a_850	2023-02-11	2023-02-11
a_851	1	11	a_851	a_851	a_851	2023-02-11	2023-02-11
a_852	1	11	a_852	a_852	a_852	2023-02-11	2023-02-11
a_853	1	11	a_853	a_853	a_853	2023-02-11	2023-02-11
a_854	1	11	a_854	a_854	a_854	2023-02-11	2023-02-11
a_855	1	11	a_855	a_855	a_855	2023-02-11	2023-02-11
a_856	1	11	a_856	a_856	a_856	2023-02-11	2023-02-11
a_857	1	11	a_857	a_857	a_857	2023-02-11	2023-02-11
a_858	1	11	a_858	a_858	a_858	2023-02-11	2023-02-11
a_859	1	11	a_859	a_859	a_859	2023-02-11	2023-02-11
a_860	1	11	a_860	a_860	a_860	2023-02-11	2023-02-11
a_861	1	11	a_861	a_861	a_861	2023-02-11	2023-02-11
a_862	1	11	a_862	a_862	a_862	2023-02-11	2023-02-11
a_863	1	11	a_863	a_863	a_863	2023-02-11	2023-02-11
a_864	1	11	a_864	a_864	a_864	2023-02-11	2023-02-11
a_865	1	11	a_865	a_865	a_865	2023-02-11	2023-02-11
a_866	1	11	a_866	a_866	a_866	2023-02-11	2023-02-11
a_867	1	11	a_867	a_867	a_867	2023-02-11	2023-02-11
a_868	1	11	a_868	a_868	a_868	2023-02-11	2023-02-11
a_869	1	11	a_869	a_869	a_869	2023-02-11	2023-02-11
a_870	1	11	a_870	a_870	a_870	2023-02-11	2023-02-11
a_871	1	11	a_871	a_871	a_871	2023-02-11	2023-02-11
a_872	1	11	a_872	a_872	a_872	2023-02-11	2023-02-11
a_873	1	11	a_873	a_873	a_873	2023-02-11	2023-02-11
a_874	1	11	a_874	a_874	a_874	2023-02-11	2023-02-11
a_875	1	11	a_875	a_875	a_875	2023-02-11	2023-02-11
a_876	1	11	a_876	a_876	a_876	2023-02-11	2023-02-11
a_877	1	11	a_877	a_877	a_877	2023-02-11	2023-02-11
a_878	1	11	a_878	a_878	a_878	2023-02-11	2023-02-11
a_879	1	11	a_879	a_879	a_879	2023-02-11	2023-02-11
a_880	1	11	a_880	a_880	a_880	2023-02-11	2023-02-11
a_881	1	11	a_881	a_881	a_881	2023-02-11	2023-02-11
a_882	1	11	a_882	a_882	a_882	2023-02-11	2023-02-11
a_883	1	11	a_883	a_883	a_883	2023-02-11	2023-02-11
a_884	1	11	a_884	a_884	a_884	2023-02-11	2023-02-11
a_885	1	11	a_885	a_885	a_885	2023-02-11	2023-02-11
a_886	1	11	a_886	a_886	a_886	2023-02-11	2023-02-11
a_887	1	11	a_887	a_887	a_887	2023-02-11	2023-02-11
a_888	1	11	a_888	a_888	a_888	2023-02-11	2023-02-11
a_889	1	11	a_889	a_889	a_889	2023-02-11	2023-02-11
a_890	1	11	a_890	a_890	a_890	2023-02-11	2023-02-11
a_891	1	11	a_891	a_891	a_891	2023-02-11	2023-02-11
a_892	1	11	a_892	a_892	a_892	2023-02-11	2023-02-11
a_893	1	11	a_893	a_893	a_893	2023-02-11	2023-02-11
a_894	1	11	a_894	a_894	a_894	2023-02-11	2023-02-11
a_895	1	11	a_895	a_895	a_895	2023-02-11	2023-02-11
a_896	1	11	a_896	a_896	a_896	2023-02-11	2023-02-11
a_897	1	11	a_897	a_897	a_897	2023-02-11	2023-02-11
a_898	1	11	a_898	a_898	a_898	2023-02-11	2023-02-11
a_899	1	11	a_899	a_899	a_899	2023-02-11	2023-02-11
a_900	1	11	a_900	a_900	a_900	2023-02-11	2023-02-11
a_901	1	11	a_901	a_901	a_901	2023-02-11	2023-02-11
a_902	1	11	a_902	a_902	a_902	2023-02-11	2023-02-11
a_903	1	11	a_903	a_903	a_903	2023-02-11	2023-02-11
a_904	1	11	a_904	a_904	a_904	2023-02-11	2023-02-11
a_905	1	11	a_905	a_905	a_905	2023-02-11	2023-02-11
a_906	1	11	a_906	a_906	a_906	2023-02-11	2023-02-11
a_907	1	11	a_907	a_907	a_907	2023-02-11	2023-02-11
a_908	1	11	a_908	a_908	a_908	2023-02-11	2023-02-11
a_909	1	11	a_909	a_909	a_909	2023-02-11	2023-02-11
a_910	1	11	a_910	a_910	a_910	2023-02-11	2023-02-11
a_911	1	11	a_911	a_911	a_911	2023-02-11	2023-02-11
a_912	1	11	a_912	a_912	a_912	2023-02-11	2023-02-11
a_913	1	11	a_913	a_913	a_913	2023-02-11	2023-02-11
a_914	1	11	a_914	a_914	a_914	2023-02-11	2023-02-11
a_915	1	11	a_915	a_915	a_915	2023-02-11	2023-02-11
a_916	1	11	a_916	a_916	a_916	2023-02-11	2023-02-11
a_917	1	11	a_917	a_917	a_917	2023-02-11	2023-02-11
a_918	1	11	a_918	a_918	a_918	2023-02-11	2023-02-11
a_919	1	11	a_919	a_919	a_919	2023-02-11	2023-02-11
a_920	1	11	a_920	a_920	a_920	2023-02-11	2023-02-11
a_921	1	11	a_921	a_921	a_921	2023-02-11	2023-02-11
a_922	1	11	a_922	a_922	a_922	2023-02-11	2023-02-11
a_923	1	11	a_923	a_923	a_923	2023-02-11	2023-02-11
a_924	1	11	a_924	a_924	a_924	2023-02-11	2023-02-11
a_925	1	11	a_925	a_925	a_925	2023-02-11	2023-02-11
a_926	1	11	a_926	a_926	a_926	2023-02-11	2023-02-11
a_927	1	11	a_927	a_927	a_927	2023-02-11	2023-02-11
a_928	1	11	a_928	a_928	a_928	2023-02-11	2023-02-11
a_929	1	11	a_929	a_929	a_929	2023-02-11	2023-02-11
a_930	1	11	a_930	a_930	a_930	2023-02-11	2023-02-11
a_931	1	11	a_931	a_931	a_931	2023-02-11	2023-02-11
a_932	1	11	a_932	a_932	a_932	2023-02-11	2023-02-11
a_933	1	11	a_933	a_933	a_933	2023-02-11	2023-02-11
a_934	1	11	a_934	a_934	a_934	2023-02-11	2023-02-11
a_935	1	11	a_935	a_935	a_935	2023-02-11	2023-02-11
a_936	1	11	a_936	a_936	a_936	2023-02-11	2023-02-11
a_937	1	11	a_937	a_937	a_937	2023-02-11	2023-02-11
a_938	1	11	a_938	a_938	a_938	2023-02-11	2023-02-11
a_939	1	11	a_939	a_939	a_939	2023-02-11	2023-02-11
a_940	1	11	a_940	a_940	a_940	2023-02-11	2023-02-11
a_941	1	11	a_941	a_941	a_941	2023-02-11	2023-02-11
a_942	1	11	a_942	a_942	a_942	2023-02-11	2023-02-11
a_943	1	11	a_943	a_943	a_943	2023-02-11	2023-02-11
a_944	1	11	a_944	a_944	a_944	2023-02-11	2023-02-11
a_945	1	11	a_945	a_945	a_945	2023-02-11	2023-02-11
a_946	1	11	a_946	a_946	a_946	2023-02-11	2023-02-11
a_947	1	11	a_947	a_947	a_947	2023-02-11	2023-02-11
a_948	1	11	a_948	a_948	a_948	2023-02-11	2023-02-11
a_949	1	11	a_949	a_949	a_949	2023-02-11	2023-02-11
a_950	1	11	a_950	a_950	a_950	2023-02-11	2023-02-11
a_951	1	11	a_951	a_951	a_951	2023-02-11	2023-02-11
a_952	1	11	a_952	a_952	a_952	2023-02-11	2023-02-11
a_953	1	11	a_953	a_953	a_953	2023-02-11	2023-02-11
a_954	1	11	a_954	a_954	a_954	2023-02-11	2023-02-11
a_955	1	11	a_955	a_955	a_955	2023-02-11	2023-02-11
a_956	1	11	a_956	a_956	a_956	2023-02-11	2023-02-11
a_957	1	11	a_957	a_957	a_957	2023-02-11	2023-02-11
a_958	1	11	a_958	a_958	a_958	2023-02-11	2023-02-11
a_959	1	11	a_959	a_959	a_959	2023-02-11	2023-02-11
a_960	1	11	a_960	a_960	a_960	2023-02-11	2023-02-11
a_961	1	11	a_961	a_961	a_961	2023-02-11	2023-02-11
a_962	1	11	a_962	a_962	a_962	2023-02-11	2023-02-11
a_963	1	11	a_963	a_963	a_963	2023-02-11	2023-02-11
a_964	1	11	a_964	a_964	a_964	2023-02-11	2023-02-11
a_965	1	11	a_965	a_965	a_965	2023-02-11	2023-02-11
a_966	1	11	a_966	a_966	a_966	2023-02-11	2023-02-11
a_967	1	11	a_967	a_967	a_967	2023-02-11	2023-02-11
a_968	1	11	a_968	a_968	a_968	2023-02-11	2023-02-11
a_969	1	11	a_969	a_969	a_969	2023-02-11	2023-02-11
a_970	1	11	a_970	a_970	a_970	2023-02-11	2023-02-11
a_971	1	11	a_971	a_971	a_971	2023-02-11	2023-02-11
a_972	1	11	a_972	a_972	a_972	2023-02-11	2023-02-11
a_973	1	11	a_973	a_973	a_973	2023-02-11	2023-02-11
a_974	1	11	a_974	a_974	a_974	2023-02-11	2023-02-11
a_975	1	11	a_975	a_975	a_975	2023-02-11	2023-02-11
a_976	1	11	a_976	a_976	a_976	2023-02-11	2023-02-11
a_977	1	11	a_977	a_977	a_977	2023-02-11	2023-02-11
a_978	1	11	a_978	a_978	a_978	2023-02-11	2023-02-11
a_979	1	11	a_979	a_979	a_979	2023-02-11	2023-02-11
a_980	1	11	a_980	a_980	a_980	2023-02-11	2023-02-11
a_981	1	11	a_981	a_981	a_981	2023-02-11	2023-02-11
a_982	1	11	a_982	a_982	a_982	2023-02-11	2023-02-11
a_983	1	11	a_983	a_983	a_983	2023-02-11	2023-02-11
a_984	1	11	a_984	a_984	a_984	2023-02-11	2023-02-11
a_985	1	11	a_985	a_985	a_985	2023-02-11	2023-02-11
a_986	1	11	a_986	a_986	a_986	2023-02-11	2023-02-11
a_987	1	11	a_987	a_987	a_987	2023-02-11	2023-02-11
a_988	1	11	a_988	a_988	a_988	2023-02-11	2023-02-11
a_989	1	11	a_989	a_989	a_989	2023-02-11	2023-02-11
a_990	1	11	a_990	a_990	a_990	2023-02-11	2023-02-11
a_991	1	11	a_991	a_991	a_991	2023-02-11	2023-02-11
a_992	1	11	a_992	a_992	a_992	2023-02-11	2023-02-11
a_993	1	11	a_993	a_993	a_993	2023-02-11	2023-02-11
a_994	1	11	a_994	a_994	a_994	2023-02-11	2023-02-11
a_995	1	11	a_995	a_995	a_995	2023-02-11	2023-02-11
a_996	1	11	a_996	a_996	a_996	2023-02-11	2023-02-11
a_997	1	11	a_997	a_997	a_997	2023-02-11	2023-02-11
a_998	1	11	a_998	a_998	a_998	2023-02-11	2023-02-11
a_999	1	11	a_999	a_999	a_999	2023-02-11	2023-02-11
a_1000	1	11	a_1000	a_1000	a_1000	2023-02-11	2023-02-11
a_1001	1	11	a_1001	a_1001	a_1001	2023-02-11	2023-02-11
a_1002	1	11	a_1002	a_1002	a_1002	2023-02-11	2023-02-11
a_1003	1	11	a_1003	a_1003	a_1003	2023-02-11	2023-02-11
a_1004	1	11	a_1004	a_1004	a_1004	2023-02-11	2023-02-11
a_1005	1	11	a_1005	a_1005	a_1005	2023-02-11	2023-02-11
a_1006	1	11	a_1006	a_1006	a_1006	2023-02-11	2023-02-11
a_1007	1	11	a_1007	a_1007	a_1007	2023-02-11	2023-02-11
a_1008	1	11	a_1008	a_1008	a_1008	2023-02-11	2023-02-11
a_1009	1	11	a_1009	a_1009	a_1009	2023-02-11	2023-02-11
a_1010	1	11	a_1010	a_1010	a_1010	2023-02-11	2023-02-11
a_1011	1	11	a_1011	a_1011	a_1011	2023-02-11	2023-02-11
a_1012	1	11	a_1012	a_1012	a_1012	2023-02-11	2023-02-11
a_1013	1	11	a_1013	a_1013	a_1013	2023-02-11	2023-02-11
a_1014	1	11	a_1014	a_1014	a_1014	2023-02-11	2023-02-11
a_1015	1	11	a_1015	a_1015	a_1015	2023-02-11	2023-02-11
a_1016	1	11	a_1016	a_1016	a_1016	2023-02-11	2023-02-11
a_1017	1	11	a_1017	a_1017	a_1017	2023-02-11	2023-02-11
a_1018	1	11	a_1018	a_1018	a_1018	2023-02-11	2023-02-11
a_1019	1	11	a_1019	a_1019	a_1019	2023-02-11	2023-02-11
a_1020	1	11	a_1020	a_1020	a_1020	2023-02-11	2023-02-11
a_1021	1	11	a_1021	a_1021	a_1021	2023-02-11	2023-02-11
a_1022	1	11	a_1022	a_1022	a_1022	2023-02-11	2023-02-11
a_1023	1	11	a_1023	a_1023	a_1023	2023-02-11	2023-02-11
a_1024	1	11	a_1024	a_1024	a_1024	2023-02-11	2023-02-11
a_1025	1	11	a_1025	a_1025	a_1025	2023-02-11	2023-02-11
a_1026	1	11	a_1026	a_1026	a_1026	2023-02-11	2023-02-11
a_1027	1	11	a_1027	a_1027	a_1027	2023-02-11	2023-02-11
a_1028	1	11	a_1028	a_1028	a_1028	2023-02-11	2023-02-11
a_1029	1	11	a_1029	a_1029	a_1029	2023-02-11	2023-02-11
a_1030	1	11	a_1030	a_1030	a_1030	2023-02-11	2023-02-11
a_1031	1	11	a_1031	a_1031	a_1031	2023-02-11	2023-02-11
a_1032	1	11	a_1032	a_1032	a_1032	2023-02-11	2023-02-11
a_1033	1	11	a_1033	a_1033	a_1033	2023-02-11	2023-02-11
a_1034	1	11	a_1034	a_1034	a_1034	2023-02-11	2023-02-11
a_1035	1	11	a_1035	a_1035	a_1035	2023-02-11	2023-02-11
a_1036	1	11	a_1036	a_1036	a_1036	2023-02-11	2023-02-11
a_1037	1	11	a_1037	a_1037	a_1037	2023-02-11	2023-02-11
a_1038	1	11	a_1038	a_1038	a_1038	2023-02-11	2023-02-11
a_1039	1	11	a_1039	a_1039	a_1039	2023-02-11	2023-02-11
a_1040	1	11	a_1040	a_1040	a_1040	2023-02-11	2023-02-11
a_1041	1	11	a_1041	a_1041	a_1041	2023-02-11	2023-02-11
a_1042	1	11	a_1042	a_1042	a_1042	2023-02-11	2023-02-11
a_1043	1	11	a_1043	a_1043	a_1043	2023-02-11	2023-02-11
a_1044	1	11	a_1044	a_1044	a_1044	2023-02-11	2023-02-11
a_1045	1	11	a_1045	a_1045	a_1045	2023-02-11	2023-02-11
a_1046	1	11	a_1046	a_1046	a_1046	2023-02-11	2023-02-11
a_1047	1	11	a_1047	a_1047	a_1047	2023-02-11	2023-02-11
a_1048	1	11	a_1048	a_1048	a_1048	2023-02-11	2023-02-11
a_1049	1	11	a_1049	a_1049	a_1049	2023-02-11	2023-02-11
a_1050	1	11	a_1050	a_1050	a_1050	2023-02-11	2023-02-11
\.


--
-- Data for Name: CustomerOrderStatus; Type: TABLE DATA; Schema: public; Owner: postgres
--

COPY public."CustomerOrderStatus" ("CustomerOrderStatusId", "Name") FROM stdin;
10	Taslak\n
11	Sipariş Oluşturuldu
20	Onaylanmış
21	Isıl İşlemde
30	İptal Edildi
40	Tamamlandı
50	Sevkediliyor
60	Kapandı
\.


--
-- Data for Name: delay; Type: TABLE DATA; Schema: public; Owner: postgres
--

COPY public.delay (delay_id, remark, begin_date, end_date, accept_by, shift_id, duration, delay_reason_name, delay_group_name, delay_class_code, delay_class_name, delay_reason_code, delay_group_code) FROM stdin;
1	adsads	2023-05-11 00:00:00+03	2023-05-11 00:00:00+03	berat	2	433	neden	grup	2	sınıf	2	1
\.


--
-- Data for Name: event_alarm; Type: TABLE DATA; Schema: public; Owner: postgres
--

COPY public.event_alarm (event_alarm_id, machine_name, user_name, log_description, log_method, dati) FROM stdin;
6	DESKTOP-6I0AS7K	adminIT	5003fe0c-4e81-4605-965b-d2207e469950 Güncellendi.	UpdateCustomerOrder	\N
7	DESKTOP-6I0AS7K	adminIT	5003fe0c-4e81-4605-965b-d2207e469950 Güncellendi.	UpdateCustomerOrder	2023-05-24 15:19:35.827682+03
8	DESKTOP-6I0AS7K	adminIT	5003fe0c-4e81-4605-965b-d2207e469950 Güncellendi.	UpdateCustomerOrder	2023-05-24 16:31:31.621439+03
9	DESKTOP-6I0AS7K	adminIT	5003fe0c-4e81-4605-965b-d2207e469950 Güncellendi.	UpdateCustomerOrder	2023-05-24 17:24:04.21663+03
10	DESKTOP-6I0AS7K	adminIT	5003fe0c-4e81-4605-965b-d2207e469950 Güncellendi.	UpdateCustomerOrder	2023-05-24 17:24:12.085033+03
11	DESKTOP-6I0AS7K	adminIT	5003fe0c-4e81-4605-965b-d2207e469950 Güncellendi.	UpdateCustomerOrder	2023-05-25 17:23:31.243683+03
12	DESKTOP-6I0AS7K	adminIT	5003fe0c-4e81-4605-965b-d2207e469950 Güncellendi.	UpdateCustomerOrder	2023-05-26 13:49:27.943309+03
13	DESKTOP-6I0AS7K	adminIT	5003fe0c-4e81-4605-965b-d2207e469950 Güncellendi.	UpdateCustomerOrder	2023-05-29 16:03:39.19065+03
14	DESKTOP-6I0AS7K	adminIT	5003fe0c-4e81-4605-965b-d2207e469950 Güncellendi.	UpdateCustomerOrder	2023-05-29 16:04:07.830901+03
15	DESKTOP-6I0AS7K	adminIT	5003fe0c-4e81-4605-965b-d2207e469950 Güncellendi.	UpdateCustomerOrder	2023-05-29 16:04:18.90494+03
16	DESKTOP-6I0AS7K	adminIT	5003fe0c-4e81-4605-965b-d2207e469950 Güncellendi.	UpdateCustomerOrder	2023-05-29 16:09:16.547268+03
17	DESKTOP-6I0AS7K	adminIT	5003fe0c-4e81-4605-965b-d2207e469950 Güncellendi.	UpdateCustomerOrder	2023-05-29 16:16:44.096416+03
18	DESKTOP-6I0AS7K	adminIT	5003fe0c-4e81-4605-965b-d2207e469950 Güncellendi.	UpdateCustomerOrder	2023-05-29 16:16:49.834195+03
19	DESKTOP-6I0AS7K	adminIT	5003fe0c-4e81-4605-965b-d2207e469950 Güncellendi.	UpdateCustomerOrder	2023-05-29 16:17:08.280472+03
20	DESKTOP-6I0AS7K	adminIT	5003fe0c-4e81-4605-965b-d2207e469950 Güncellendi.	UpdateCustomerOrder	2023-05-29 16:18:37.601707+03
21	DESKTOP-6I0AS7K	adminIT	a_2 Güncellendi.	UpdateCustomerOrder	2023-05-29 16:37:22.169419+03
22	DESKTOP-6I0AS7K	adminIT	5003fe0c-4e81-4605-965b-d2207e469950 Güncellendi.	UpdateCustomerOrder	2023-05-29 16:39:14.099542+03
23	DESKTOP-6I0AS7K	adminIT	5003fe0c-4e81-4605-965b-d2207e469950 Güncellendi.	UpdateCustomerOrder	2023-05-29 16:39:31.481043+03
24	DESKTOP-6I0AS7K	adminIT	5003fe0c-4e81-4605-965b-d2207e469950 Güncellendi.	UpdateCustomerOrder	2023-05-29 16:40:55.893194+03
25	DESKTOP-6I0AS7K	adminIT	5003fe0c-4e81-4605-965b-d2207e469950 Güncellendi.	UpdateCustomerOrder	2023-05-29 16:41:07.843084+03
26	DESKTOP-6I0AS7K	adminIT	5003fe0c-4e81-4605-965b-d2207e469950 Güncellendi.	UpdateCustomerOrder	2023-05-29 16:44:45.05909+03
27	DESKTOP-6I0AS7K	adminIT	a_2 Güncellendi.	UpdateCustomerOrder	2023-05-31 08:57:32.662121+03
\.


--
-- Name: delay_delay_id_seq; Type: SEQUENCE SET; Schema: public; Owner: postgres
--

SELECT pg_catalog.setval('public.delay_delay_id_seq', 1, true);


--
-- Name: event_alarm_event_alarm_id_seq; Type: SEQUENCE SET; Schema: public; Owner: postgres
--

SELECT pg_catalog.setval('public.event_alarm_event_alarm_id_seq', 27, true);


--
-- Name: Account Account_pkey; Type: CONSTRAINT; Schema: public; Owner: postgres
--

ALTER TABLE ONLY public."Account"
    ADD CONSTRAINT "Account_pkey" PRIMARY KEY ("Id");


--
-- Name: CustomerOrder CustomerOrderId; Type: CONSTRAINT; Schema: public; Owner: postgres
--

ALTER TABLE ONLY public."CustomerOrder"
    ADD CONSTRAINT "CustomerOrderId" PRIMARY KEY ("CustomerOrderId");


--
-- Name: CustomerOrderStatus CustomerOrderStatus_pkey; Type: CONSTRAINT; Schema: public; Owner: postgres
--

ALTER TABLE ONLY public."CustomerOrderStatus"
    ADD CONSTRAINT "CustomerOrderStatus_pkey" PRIMARY KEY ("CustomerOrderStatusId");


--
-- Name: Customer Customer_pkey; Type: CONSTRAINT; Schema: public; Owner: postgres
--

ALTER TABLE ONLY public."Customer"
    ADD CONSTRAINT "Customer_pkey" PRIMARY KEY ("CustomerId");


--
-- Name: delay delay_pkey; Type: CONSTRAINT; Schema: public; Owner: postgres
--

ALTER TABLE ONLY public.delay
    ADD CONSTRAINT delay_pkey PRIMARY KEY (delay_id);


--
-- Name: event_alarm event_alarm_pkey; Type: CONSTRAINT; Schema: public; Owner: postgres
--

ALTER TABLE ONLY public.event_alarm
    ADD CONSTRAINT event_alarm_pkey PRIMARY KEY (event_alarm_id);


--
-- Name: fki_CustomerId; Type: INDEX; Schema: public; Owner: postgres
--

CREATE INDEX "fki_CustomerId" ON public."Account" USING btree ("CustomerId");


--
-- Name: fki_CustomerOrderStatusId; Type: INDEX; Schema: public; Owner: postgres
--

CREATE INDEX "fki_CustomerOrderStatusId" ON public."CustomerOrder" USING btree ("CustomerOrderStatusId");


--
-- Name: Account CustomerId; Type: FK CONSTRAINT; Schema: public; Owner: postgres
--

ALTER TABLE ONLY public."Account"
    ADD CONSTRAINT "CustomerId" FOREIGN KEY ("CustomerId") REFERENCES public."Customer"("CustomerId") NOT VALID;


--
-- Name: CustomerOrder CustomerId; Type: FK CONSTRAINT; Schema: public; Owner: postgres
--

ALTER TABLE ONLY public."CustomerOrder"
    ADD CONSTRAINT "CustomerId" FOREIGN KEY ("CustomerId") REFERENCES public."Customer"("CustomerId") NOT VALID;


--
-- Name: CustomerOrder CustomerOrderStatusId; Type: FK CONSTRAINT; Schema: public; Owner: postgres
--

ALTER TABLE ONLY public."CustomerOrder"
    ADD CONSTRAINT "CustomerOrderStatusId" FOREIGN KEY ("CustomerOrderStatusId") REFERENCES public."CustomerOrderStatus"("CustomerOrderStatusId") NOT VALID;


--
-- PostgreSQL database dump complete
--

